word,women_count,men_count,log_odds_women_vs_men
hahn,94,0,9.289294555899774
cdu,71,0,9.008714108503316
wilkins,58,0,8.806508805787287
crick,59,1,4.208479800537132
babbage,48,1,4.0021822020109035
female,83,2,3.8615495707171825
coalition,38,1,3.768622162469212
girls,36,1,3.7145695571288386
women,324,15,3.212780944189423
eniac,107,5,3.2022095832633592
labour,49,3,2.930807490481895
watson,81,5,2.9238598990668496
husband,109,7,2.884825130414991
dna,110,8,2.7606037199922993
uranium,55,4,2.7594469558901116
lady,37,3,2.649971277958503
woman,154,13,2.612022453167183
conservative,46,4,2.5807907331701223
mission,42,4,2.4898396541840357
radium,58,6,2.4079138712520796
radioactive,37,4,2.3631201154008097
election,77,10,2.1810739005452526
pennsylvania,38,5,2.1671365782256067
engine,38,5,2.1671365782256067
programmers,52,7,2.144821517059705
chancellor,49,7,2.08540986819618
nasa,66,10,2.0269448626947733
crisis,43,7,1.954818156070369
minister,87,16,1.8335327378905326
analytical,32,6,1.8133468157558783
ray,64,13,1.7340442389507211
party,127,27,1.6887818660329266
massachusetts,42,9,1.680295823882267
virginia,37,8,1.6712205956390196
college,233,54,1.6026353668160889
flight,42,10,1.5750463021753842
mary,42,10,1.5750463021753842
food,40,10,1.5262680398632371
leader,59,15,1.5097134857449295
policy,42,11,1.4798269447679246
recognition,37,10,1.448326763392158
peace,33,9,1.4391986845660778
leadership,49,14,1.3929762088937634
lines,35,10,1.3927723519606678
fame,52,15,1.3834425724608332
protein,40,12,1.3441129970984744
electronic,40,12,1.3441129970984744
station,30,9,1.343918798153252
technologies,48,15,1.3034158872187012
double,32,10,1.3031869709758652
context,28,9,1.2749497279729936
hall,59,19,1.2734649748899622
training,31,10,1.271448350106451
maria,34,11,1.2685738586057382
focused,37,12,1.2661717206273952
prime,58,19,1.256373463298858
union,63,21,1.2390181394182778
schools,33,11,1.2387298054517357
calculations,27,9,1.2385953065055006
fellowship,34,12,1.181638173248435
oxford,48,17,1.1783311264563012
street,31,11,1.1762289926989917
machine,45,16,1.1743943706174407
building,67,24,1.1670946620731402
ph,39,14,1.1647698734908722
engineers,36,13,1.1588015954575928
achievement,36,13,1.1588015954575928
william,80,29,1.1552342390499428
pioneering,27,10,1.133345784798618
network,59,22,1.1269332358519297
association,83,31,1.1253745596758093
african,29,11,1.109559857719947
computing,79,30,1.1087669776035889
data,71,27,1.107336754710701
computational,26,10,1.0956196964546538
west,50,20,1.056714047156393
technology,189,77,1.038587850482929
award,219,91,1.0188712106064337
control,36,15,1.015803242336636
pierre,43,18,1.011228697929003
cambridge,74,31,1.0106136964182404
graduate,33,14,0.9977623958374088
british,98,42,0.9878850394210207
room,32,14,0.9670002039540788
fellow,107,47,0.9632851533240936
team,66,29,0.9628888578885897
chicago,25,11,0.961195004476162
processes,25,11,0.961195004476162
outstanding,31,14,0.9352615830846648
engineering,110,50,0.9290714956417551
served,89,41,0.9156559938880952
officer,26,12,0.9134646536898909
cancer,54,25,0.9106166800364948
faculty,54,25,0.9106166800364948
documentary,28,13,0.9075665070688262
chain,30,14,0.9024825094245831
structure,121,57,0.8933697060876934
country,42,20,0.8823987469068713
national,182,87,0.8787617863656059
multiple,25,12,0.8742593191188585
lecture,52,25,0.8728834732166761
authored,27,13,0.8712120856013332
selected,27,13,0.8712120856013332
distinguished,27,13,0.8712120856013332
management,33,16,0.8643202291777009
electrical,45,22,0.8561110020876935
languages,49,24,0.8542771590095171
computers,60,30,0.8337037658703683
annual,48,24,0.8336621226309099
england,48,24,0.8336621226309099
attend,28,14,0.8335134392443245
join,26,13,0.8334859972573692
chemistry,270,137,0.8191282898057631
american,244,124,0.8175702108664958
social,83,43,0.7982516459925222
members,50,26,0.794465116291475
european,65,34,0.7886097155184961
job,42,22,0.7871339999641429
federal,36,19,0.7795547314816688
receive,28,15,0.7645681539478695
economic,41,22,0.7630422541868204
conference,41,22,0.7630422541868204
nobel,108,58,0.7623316162736328
executive,26,14,0.7594329294328673
research,447,242,0.7543251284322169
education,101,55,0.7484277452749488
center,75,41,0.7445287088988002
conditions,31,17,0.7412315370258099
working,133,73,0.7405511056184331
finite,27,15,0.7282137324803765
professional,25,14,0.7202275948618351
programmer,25,14,0.7202275948618351
home,103,58,0.7149338717388519
structures,23,13,0.7109338218440835
department,107,61,0.7026077131963716
molecular,52,30,0.6906285586539281
otto,26,15,0.6904876441364124
associate,26,15,0.6904876441364124
earned,38,22,0.6870755977840097
post,41,24,0.6760687394920288
systems,103,61,0.6645114960530637
uk,27,16,0.6637168511171236
michael,27,16,0.6637168511171236
organization,40,24,0.6513822229572045
prize,149,90,0.6448158528395976
group,144,87,0.644582897352581
google,41,25,0.6352634048356629
government,131,80,0.6338452396247694
abstract,31,19,0.6300677869332425
awards,34,21,0.6223792944834178
extended,29,18,0.6174366492666707
graduated,37,23,0.6159824526720128
meeting,32,20,0.6105394157073523
support,67,42,0.6076573871250116
retired,27,17,0.6031289717179766
institute,214,135,0.6013971034541178
germany,160,101,0.6007400017609131
sister,44,28,0.5925785018722057
george,33,21,0.5925352413294152
press,33,21,0.5925352413294152
east,36,23,0.5885909839347321
area,39,25,0.5852654889502601
council,53,34,0.5845491863018335
element,45,29,0.5799672994927513
school,237,153,0.5783222659253132
california,51,33,0.5759343563909564
division,37,24,0.5734409464861254
awarded,132,86,0.5691373190505027
japanese,23,15,0.5679354687231268
political,72,47,0.5671678635459592
north,26,17,0.5654028833740127
society,252,165,0.564185901460284
king,60,40,0.5461050024535007
foreign,42,28,0.5460693062304961
techniques,33,22,0.546036860647954
industry,33,22,0.546036860647954
materials,24,16,0.5459800935457614
laboratory,130,87,0.542311526317367
colleagues,40,27,0.5336454653858421
state,124,84,0.530149578459148
stanford,31,21,0.5300344285766712
office,50,34,0.526291596732931
received,207,141,0.5246595017493463
corporation,22,15,0.5235034602142226
degree,98,67,0.5209508626172319
worked,178,122,0.5184599302233214
active,42,29,0.5109902973692007
power,55,38,0.510388914207432
section,26,18,0.5082771305939183
joined,72,50,0.5053052231511862
algebra,43,30,0.5006251976645918
lead,30,21,0.4972553549165895
biology,47,33,0.49427300949216035
career,74,52,0.4934874217456169
electric,24,17,0.48539221414661415
financial,28,20,0.4770526509975979
thesis,50,36,0.4691495180912513
countries,25,18,0.4690717960228859
engineer,43,31,0.4678461240045101
allowed,43,31,0.4678461240045101
doctor,43,31,0.4678461240045101
war,181,131,0.4640018325141051
ed,29,21,0.4633652935976264
program,91,66,0.4618863552098076
london,99,72,0.4591390671948708
thomas,33,24,0.4590633459531625
issue,33,24,0.4590633459531625
dr,26,19,0.45423913328144516
helped,61,45,0.4448763081801426
space,104,77,0.4412749751351058
james,31,23,0.4391040393863058
mathematicians,35,26,0.43787586582723687
phd,36,27,0.4283127201774824
soviet,28,21,0.42828628473633096
effects,24,18,0.4282664613665199
secretary,29,22,0.4168669129161651
senior,29,22,0.4168669129161651
science,354,269,0.4152998180115181
scientist,68,52,0.40894195572378916
services,27,21,0.3919318632688379
opposition,27,21,0.3919318632688379
elected,81,64,0.37625649300971065
doctoral,29,23,0.372434904407261
committee,49,39,0.3689295457241137
chemical,108,86,0.36848345718821746
remain,20,16,0.3637418319082415
local,36,29,0.3568792898486938
contributions,94,76,0.3532594593337332
member,159,129,0.34980038290848314
children,85,69,0.34924068531797975
charles,27,22,0.3454334825873767
poland,44,36,0.34134341348343894
middle,22,18,0.34129294667172844
attended,61,50,0.3395380100541717
particles,23,19,0.33168695786815944
shared,23,19,0.33168695786815944
university,575,476,0.3296717798575861
paris,59,49,0.32640577246884406
february,83,69,0.32543287115565644
established,68,57,0.31715127246527963
programs,25,21,0.3150004403538414
contribution,32,27,0.31056439649847023
sweden,26,22,0.3077073942434127
computer,257,220,0.29616520510049577
courses,21,18,0.294794565990267
response,21,18,0.294794565990267
students,85,73,0.2928956888824959
programming,57,49,0.2919255424432572
position,96,83,0.28621448056381094
language,60,52,0.2837984175376633
launched,24,21,0.27419510569747557
harvard,33,29,0.2698931580530116
money,34,30,0.265847149888051
model,86,76,0.264321868306662
list,35,31,0.2620472121754394
central,37,33,0.2551008108541858
film,28,25,0.2540090547037123
visiting,28,25,0.2540090547037123
honor,38,34,0.25191789430327616
researcher,19,17,0.25188696041379033
honorary,78,70,0.2489221449323382
family,148,133,0.2475787360051153
issued,20,18,0.2460281997290001
practice,20,18,0.2460281997290001
promoted,21,19,0.24075656867779405
global,21,19,0.24075656867779405
basis,32,29,0.2391309661696817
moved,93,85,0.23066132794633096
york,70,64,0.23032197815641686
army,24,22,0.2276967250160142
health,50,46,0.22408743158465785
chemist,38,35,0.22293875835580593
virus,26,24,0.22073387954862117
rights,26,24,0.22073387954862117
report,26,24,0.22073387954862117
opened,26,24,0.22073387954862117
friends,40,37,0.21866448679230177
decided,40,37,0.21866448679230177
invited,27,25,0.21765463323621936
house,56,52,0.21481744875798273
leave,28,26,0.21480372013267984
mother,80,75,0.20525339920171048
honour,34,32,0.20132945535855531
appointment,19,18,0.194761207633696
function,19,18,0.194761207633696
sir,19,18,0.194761207633696
days,39,37,0.1933530874417231
professor,196,186,0.19308845294954707
offer,20,19,0.19199020241652706
efforts,20,19,0.19199020241652706
hans,22,21,0.1872215910026841
formal,23,22,0.18515521883012687
design,48,46,0.18327376869669437
subsequent,24,23,0.18326471650711013
come,24,23,0.18326471650711013
experience,24,23,0.18326471650711013
agreed,25,24,0.18152854497758877
canada,25,24,0.18152854497758877
john,78,75,0.17993879593989953
summer,27,26,0.1784492986651868
field,113,109,0.176759899553015
following,87,84,0.17581042552240014
service,58,56,0.17580837357745488
information,62,60,0.1735076576815878
high,94,91,0.1731549793224179
interested,32,31,0.17246183119063674
learned,34,33,0.17056726347522536
advanced,34,33,0.17056726347522536
second,104,101,0.16999073684517182
main,36,35,0.16888615301543222
lost,41,40,0.16540972685604707
july,72,71,0.154707496387996
june,73,72,0.15451463012844172
named,158,157,0.14707203489720014
delivered,22,22,0.14072321032122287
experimental,40,40,0.14072321032122287
development,116,116,0.14072321032122287
credited,22,22,0.14072321032122287
united,96,96,0.14072321032122287
vienna,25,25,0.14072321032122287
subsequently,22,22,0.14072321032122287
formed,24,24,0.14072321032122287
lab,35,35,0.14072321032122287
president,89,89,0.14072321032122287
responsible,20,20,0.14072321032122267
numbers,31,31,0.14072321032122267
official,30,30,0.14072321032122267
action,21,21,0.14072321032122267
positions,21,21,0.14072321032122267
international,95,95,0.14072321032122267
titled,21,21,0.14072321032122267
granted,21,21,0.14072321032122267
day,71,72,0.1267389242544496
states,104,106,0.12167682940125821
term,38,39,0.11475446980381507
discovery,75,77,0.11440936475160898
public,112,115,0.11429228224038099
media,36,37,0.11333174158394199
groups,31,32,0.10898458945180883
higher,29,30,0.10683314900225978
role,50,52,0.10151018796705408
small,49,51,0.10072587730784374
molecules,23,24,0.09818170413533545
visited,23,24,0.09818170413533545
leaving,23,24,0.09818170413533545
class,46,48,0.09817265194575123
say,22,23,0.09629120181231876
brother,43,45,0.09527116981202646
outside,21,22,0.09422482963976143
founding,21,22,0.09422482963976143
alternative,20,21,0.0919568440599557
royal,96,101,0.08995604118966234
love,19,20,0.08945621822591864
doctorate,55,58,0.08762278773061663
mark,18,19,0.08668521300874964
mass,34,36,0.08358113167954297
chair,32,34,0.08011696528389038
daughter,48,51,0.08011084092923645
instead,47,50,0.07886056992644973
young,45,48,0.07619857508321518
men,29,31,0.07405407534217785
november,86,92,0.0732895120903412
physical,71,76,0.07267901193727605
organic,26,28,0.06664270050976577
teacher,26,28,0.06664270050976577
child,39,42,0.06663354865849722
critical,24,26,0.06071254109382436
david,36,39,0.060701864463441474
addition,36,39,0.060701864463441474
discovered,71,77,0.05960863896406636
scientists,69,75,0.057353193972188396
married,79,86,0.055834068492476435
nuclear,55,60,0.05372698220716799
star,21,23,0.049792821130857395
began,115,126,0.04938102254411109
spent,52,57,0.04893252706271331
lecturer,20,22,0.04545846337849445
plan,20,22,0.04545846337849445
future,39,43,0.04310858704414286
required,29,32,0.04231545447276386
able,48,53,0.04165195786435689
israel,19,21,0.04068985196465148
opposed,19,21,0.04068985196465148
pioneer,19,21,0.04068985196465148
understand,19,21,0.04068985196465148
appointed,57,63,0.04065645741074908
mathematician,47,52,0.03964754757228088
taken,28,31,0.038975066480882406
initially,37,41,0.03809541731531961
activities,18,20,0.03541822091344536
help,27,30,0.03539971867347115
present,27,30,0.03539971867347115
anti,26,29,0.031563691648470435
western,17,19,0.029559460228655576
dissertation,17,19,0.029559460228655576
classes,17,19,0.029559460228655576
provide,17,19,0.029559460228655576
seven,25,28,0.02743736593873333
referred,24,27,0.0229864527498605
jewish,47,53,0.02060298035754735
raised,23,26,0.01817103490793713
return,23,26,0.01817103490793713
large,52,59,0.014452297037126385
founded,59,67,0.013588269405220598
open,44,50,0.012917105713410652
teaching,44,50,0.012917105713410652
led,80,91,0.011905446593990938
director,72,82,0.01068701753367843
statement,21,24,0.007251314944970017
started,48,55,0.004617545976705061
south,27,31,0.0026206450133892936
major,53,61,0.0001660001571764293
right,53,61,0.0001660001571764293
polish,39,45,-0.0023434534650535184
foundation,64,74,-0.00443768773424001
presented,38,44,-0.005844387500619821
journal,44,51,-0.006881600790612344
particular,25,29,-0.0076416429225620785
decision,25,29,-0.0076416429225620785
medal,74,86,-0.009540139032790333
production,18,21,-0.013348145347821569
cell,18,21,-0.013348145347821569
recalled,18,21,-0.013348145347821569
intelligence,24,28,-0.013367968717632569
master,30,35,-0.013379865193075642
original,42,49,-0.013393463418942785
energy,41,48,-0.01687017281765813
fields,35,41,-0.01745899411617068
vice,17,20,-0.02170753186664883
deep,17,20,-0.02170753186664883
english,51,60,-0.021766312745363548
included,78,92,-0.024337032872825255
publications,22,26,-0.026260973600966957
supported,33,39,-0.026284267332240773
academy,114,135,-0.02833947560230341
real,27,32,-0.029117975856024634
significant,27,32,-0.029117975856024634
proved,32,38,-0.031077718698162875
created,53,63,-0.032089658633026596
treatment,21,25,-0.03355401971139592
biological,21,25,-0.03355401971139592
september,63,75,-0.03360478370635817
good,36,43,-0.03691275881363826
growth,20,24,-0.04151505131629697
white,25,30,-0.04153170424152524
san,25,30,-0.04153170424152524
academic,30,36,-0.04154280788728531
took,95,114,-0.04158080430574758
papers,64,77,-0.044172752076023857
studies,88,106,-0.04535977457806311
december,77,93,-0.048048520381994066
end,48,58,-0.04848287661390126
carried,19,23,-0.050240537225713755
translated,19,23,-0.050240537225713755
medical,57,69,-0.05030152026779727
march,85,103,-0.05133396394511158
gas,28,34,-0.053369799425863916
mathematics,152,185,-0.05574035919436033
interview,23,28,-0.055909474903519864
conducted,23,28,-0.055909474903519864
forced,18,22,-0.05984652602928286
grew,18,22,-0.05984652602928286
hermann,27,33,-0.0598801677393546
leading,45,55,-0.059907089261302726
head,40,49,-0.06217172573108976
paper,93,114,-0.06285593927003004
younger,22,27,-0.06398706194493106
sciences,125,154,-0.06790059094667945
ii,47,58,-0.06953185412071093
advisor,17,21,-0.07047389812791585
process,51,63,-0.07054854169790631
opinion,21,26,-0.07275935428242843
letters,29,36,-0.07543286920624837
taught,45,56,-0.07792234859567683
problem,45,56,-0.07792234859567683
focus,16,20,-0.08229541126579588
short,24,30,-0.08233703889789118
key,24,30,-0.08233703889789118
example,44,55,-0.08237489574314386
using,83,104,-0.08480275557687471
did,158,198,-0.08493600198507267
notes,35,44,-0.0880599355352029
person,31,39,-0.08878508008498483
number,85,107,-0.08943018108841952
jean,23,29,-0.0909884837648153
richard,23,29,-0.0909884837648153
applications,19,24,-0.0927820434116012
need,19,24,-0.0927820434116012
october,76,96,-0.0928642318103605
business,41,52,-0.09689685805979033
arts,26,33,-0.09760625608331856
continued,70,89,-0.09938742366051115
widely,33,42,-0.10037392899496628
determined,18,23,-0.10427853453818696
longer,18,23,-0.10427853453818696
lifetime,18,23,-0.10427853453818696
methods,42,54,-0.11053831910228629
generation,24,31,-0.11511611255797301
built,24,31,-0.11511611255797301
living,34,44,-0.11703907148267301
entered,27,35,-0.11870335684082726
half,30,39,-0.12156415374506659
assistant,46,60,-0.12492924051282141
elements,26,34,-0.127450309237321
applied,39,51,-0.12748045809504735
announced,39,51,-0.12748045809504735
offered,29,38,-0.1294854745466219
inspired,16,21,-0.13106177752706288
site,16,21,-0.13106177752706288
late,35,46,-0.13250181887958024
just,41,54,-0.1346300648796089
studying,28,37,-0.13790334680482452
private,34,45,-0.1395068779645143
april,68,90,-0.1395428117602237
various,46,61,-0.14145581067516114
student,58,77,-0.1425966637519631
francis,18,24,-0.14682004072407426
expressed,18,24,-0.14682004072407426
create,18,24,-0.14682004072407426
museum,36,48,-0.1468894345608423
city,42,56,-0.14689935071922747
lectures,47,63,-0.15220988859670223
analysis,44,59,-0.15256682992485454
based,79,106,-0.15323579222914172
age,89,120,-0.15810313935128706
theoretical,43,58,-0.1584595523611052
speech,20,27,-0.15925180888765933
place,34,46,-0.1614809548270504
board,51,69,-0.16150651937645258
left,65,88,-0.16218612984812025
change,31,42,-0.16287474174771022
similar,31,42,-0.16287474174771022
st,28,38,-0.16456448340791732
contributed,25,34,-0.1666556438083534
previously,25,34,-0.1666556438083534
complex,25,34,-0.1666556438083534
involved,33,45,-0.1693509311185169
particularly,33,45,-0.1693509311185169
earlier,30,41,-0.17156206963046922
immediately,19,26,-0.17279271263899953
things,19,26,-0.17279271263899953
universities,19,26,-0.17279271263899953
designed,27,37,-0.17425776827231754
prepared,16,22,-0.17756015820852422
technique,16,22,-0.17756015820852422
pages,16,22,-0.17756015820852422
birth,24,33,-0.177616925310717
making,37,51,-0.18011033521554787
asked,37,51,-0.18011033521554787
developing,29,40,-0.18076561441460798
centre,21,29,-0.18191887295518083
physics,145,201,-0.1858287421842781
accepted,44,61,-0.1858976940195383
use,93,129,-0.1864596961614467
hospital,18,25,-0.18762537538044008
los,15,21,-0.1955586588903157
congress,20,28,-0.1956062303551523
studied,70,98,-0.19570821497075958
long,67,94,-0.19783608728415747
nazi,27,38,-0.20091890487541036
wanted,27,38,-0.20091890487541036
equivalent,17,24,-0.20394579350416855
initial,17,24,-0.20394579350416855
highly,17,24,-0.20394579350416855
taking,17,24,-0.20394579350416855
associated,24,34,-0.20746097846471945
freedom,24,34,-0.20746097846471945
recognized,24,34,-0.20746097846471945
held,55,78,-0.20859882639163232
told,31,44,-0.20938393738941952
search,19,27,-0.2105188009829636
projects,19,27,-0.2105188009829636
win,19,27,-0.2105188009829636
van,19,27,-0.2105188009829636
nature,52,74,-0.21204100110317115
times,47,67,-0.2137583066278175
objects,21,30,-0.21580893427414397
importance,21,30,-0.21580893427414397
develop,21,30,-0.21580893427414397
argued,28,40,-0.21584462327590342
series,56,80,-0.21589817031906886
january,80,115,-0.2221442439212345
think,25,36,-0.22379772245003324
week,18,26,-0.22683070995147261
surface,18,26,-0.22683070995147261
church,29,42,-0.229543876726755
possible,29,42,-0.229543876726755
months,40,58,-0.2307627762876065
robert,40,58,-0.2307627762876065
scientific,132,192,-0.23394656639093414
mathematical,94,137,-0.23592954595333504
course,24,35,-0.2364401144121896
special,37,54,-0.23725785788551232
general,89,130,-0.23813943728201434
form,43,63,-0.24113758683709646
given,73,107,-0.24160265964969257
forms,15,22,-0.2420570395717769
learning,15,22,-0.2420570395717769
question,15,22,-0.2420570395717769
rings,15,22,-0.2420570395717769
french,64,94,-0.2436386281153246
largest,17,25,-0.24475112816053438
entitled,17,25,-0.24475112816053438
demonstrated,19,28,-0.24687322245045648
giving,19,28,-0.24687322245045648
ring,19,28,-0.24687322245045648
obtained,21,31,-0.2485880079342259
result,50,74,-0.2512540234573399
fact,27,40,-0.2521990447433965
visit,27,40,-0.2521990447433965
understanding,18,27,-0.2645567982954367
memorial,18,27,-0.2645567982954367
going,20,30,-0.26457530053541095
america,20,30,-0.26457530053541095
met,42,63,-0.26466254845145076
father,97,147,-0.27496333538145973
lived,27,41,-0.2768855612782207
important,54,82,-0.27694876612229735
numerous,25,38,-0.27785032779040675
max,23,35,-0.2789816205980769
difficult,21,32,-0.28032662880363984
edward,19,29,-0.281952231311752
version,17,26,-0.28395646273156694
got,15,23,-0.2864890480806811
originally,15,23,-0.2864890480806811
having,54,83,-0.28906865754092187
came,50,77,-0.29098908779912364
noted,33,51,-0.2944879357485108
editor,20,31,-0.2973543741954928
water,43,67,-0.3026860048682118
closed,16,25,-0.3053390075596814
independent,23,36,-0.3071445632922864
theorem,37,58,-0.3087040527586855
went,58,91,-0.30963077079006873
magazine,21,33,-0.3110888206869698
level,21,33,-0.3110888206869698
article,28,44,-0.3111320812297598
order,56,88,-0.3111969878427567
needed,19,30,-0.31584229263071506
little,31,49,-0.3169914154878758
physicist,31,49,-0.3169914154878758
eventually,36,57,-0.31870680306148386
digital,29,46,-0.3204949557128418
line,17,27,-0.32168255107553084
chief,27,43,-0.32450226866989784
philosophy,37,59,-0.3257955643497901
developed,89,143,-0.33344262459278107
astronomical,23,37,-0.33453603202956717
brought,23,37,-0.33453603202956717
released,23,37,-0.33453603202956717
internet,41,66,-0.3352670959754889
atomic,29,47,-0.3419965365815036
practical,16,26,-0.344544342130714
greek,16,26,-0.344544342130714
returned,51,83,-0.34621618021088635
history,65,106,-0.3482691147474061
showed,38,62,-0.34872316903940637
provided,25,41,-0.3538169841932172
actually,14,23,-0.3554343333771361
buried,14,23,-0.3554343333771361
account,17,28,-0.3580369725430239
million,26,43,-0.3622283570138618
german,162,269,-0.3663672815885163
identified,15,25,-0.3698358889229343
kind,15,25,-0.3698358889229343
invented,15,25,-0.3698358889229343
founder,18,30,-0.3698802899431883
near,35,59,-0.3813499757812803
princeton,16,27,-0.3822704304746781
felt,16,27,-0.3822704304746781
approach,23,39,-0.38716590915006777
terms,23,39,-0.38716590915006777
community,27,46,-0.3919283860416303
companies,17,29,-0.3931159814043193
invention,17,29,-0.3931159814043193
europe,24,41,-0.39462231884958304
scale,14,24,-0.3979758395630234
write,21,36,-0.39807495248265207
fundamental,25,43,-0.40143369158489417
product,18,31,-0.40265936360327
ttingen,36,62,-0.40277577437977985
project,76,131,-0.40368553526640727
completed,29,50,-0.4038591769762766
caused,22,38,-0.4056291771415641
author,26,45,-0.40768039752305824
recorded,15,26,-0.4090412234939667
rest,15,26,-0.4090412234939667
discoveries,15,26,-0.4090412234939667
news,15,26,-0.4090412234939667
parents,34,59,-0.41032911172875053
defense,19,33,-0.41112217904354087
study,92,160,-0.41261583616529046
review,16,28,-0.4186248519421711
best,36,63,-0.41877355597195753
august,58,102,-0.4237322278952319
play,25,44,-0.4244179256122493
suggested,21,37,-0.4254664212199328
reaction,17,30,-0.4270060427232824
specific,13,23,-0.4294874012016378
areas,13,23,-0.4294874012016378
adopted,13,23,-0.4294874012016378
declared,13,23,-0.4294874012016378
previous,18,32,-0.434397984472684
success,18,32,-0.434397984472684
shortly,18,32,-0.434397984472684
changed,18,32,-0.434397984472684
used,117,208,-0.43460354391664724
set,46,82,-0.43725921655971994
contained,14,25,-0.4387811742193892
properties,19,34,-0.4409662321975434
technical,24,43,-0.44223902624126027
written,34,61,-0.4436599758234342
attributed,15,27,-0.44676731183793084
despite,35,63,-0.44693649866616714
black,21,38,-0.4521275578230256
access,16,29,-0.4537038608034664
won,39,71,-0.4582794783542145
single,17,31,-0.4597851163833642
failed,17,31,-0.4597851163833642
remained,34,62,-0.45991785302145965
different,42,77,-0.4653043880486455
military,31,57,-0.46819374760991006
believe,13,24,-0.47202890738752523
town,13,24,-0.47202890738752523
influential,20,37,-0.4742327874811997
philosophical,20,37,-0.4742327874811997
kept,14,26,-0.4779865087904218
total,14,26,-0.4779865087904218
appeared,22,41,-0.4815958335443746
reports,15,28,-0.48312173330542374
mid,15,28,-0.48312173330542374
louis,15,28,-0.48312173330542374
russian,31,58,-0.48558246604439254
available,16,30,-0.48759392212242963
according,57,107,-0.4889723866741966
disease,25,47,-0.49036138982528843
away,17,32,-0.49152373725277837
moon,17,32,-0.49152373725277837
culture,35,66,-0.49344930041288254
problems,36,68,-0.4951348652055409
close,29,55,-0.49915117843283113
human,50,95,-0.5010359534666231
period,31,59,-0.5026739776354969
knowledge,24,46,-0.5096651436129926
issues,13,25,-0.512834242043891
investigation,13,25,-0.512834242043891
greatest,13,25,-0.512834242043891
primary,13,25,-0.512834242043891
karl,13,25,-0.512834242043891
company,78,150,-0.5131417246193543
creation,14,27,-0.5157125971343858
functions,15,29,-0.5182007421667192
sold,17,33,-0.5222859291361082
hilbert,18,35,-0.5239833654574867
strong,18,35,-0.5239833654574867
today,19,37,-0.525499779576504
described,65,127,-0.5290015089786279
case,29,57,-0.534862882588955
method,37,73,-0.5386850613487071
way,47,93,-0.5416234588971137
individual,12,24,-0.552007563820047
kingdom,12,24,-0.552007563820047
refused,13,26,-0.5520395766149235
albert,13,26,-0.5520395766149235
directly,13,26,-0.5520395766149235
passed,15,30,-0.5520908034856824
material,15,30,-0.5520908034856824
popular,15,30,-0.5520908034856824
physiology,15,30,-0.5520908034856824
translation,16,32,-0.5521116166519254
tried,17,34,-0.5521299822901108
live,18,36,-0.5521463081516962
beginning,23,46,-0.55220664979888
medicine,30,60,-0.5522573452279229
plants,32,64,-0.5522677568509178
make,40,80,-0.5522989936716662
berlin,87,174,-0.552366503928331
non,36,73,-0.5660765300859879
paul,30,61,-0.5687839153902626
subject,26,53,-0.5712762852179317
title,26,53,-0.5712762852179317
library,25,51,-0.5720227367240845
related,23,47,-0.5737082306675417
letter,41,84,-0.5763966896515651
plant,17,35,-0.5811091182375809
articles,16,33,-0.5828738085352554
linear,16,33,-0.5828738085352554
considered,47,97,-0.5837305106159302
ceo,15,31,-0.5848698771457642
writing,27,56,-0.5885998680959937
finally,12,25,-0.5928128984764128
common,21,44,-0.5986951556448681
believed,28,59,-0.6044221214758373
code,17,36,-0.6092720609317904
old,33,70,-0.611104332802782
attention,16,34,-0.6127178616892578
wrote,96,204,-0.6129934492198824
gave,43,92,-0.6197414096774021
diseases,14,30,-0.6210360887821375
music,19,41,-0.628127572582407
know,18,39,-0.6321676540094776
experiments,40,87,-0.6361704213875667
art,22,48,-0.6391892166832556
patent,16,35,-0.6416969976367279
online,16,35,-0.6416969976367279
test,16,35,-0.6416969976367279
influence,21,46,-0.6431370389892456
force,15,33,-0.6473706898985082
words,15,33,-0.6473706898985082
movement,15,33,-0.6473706898985082
successful,19,42,-0.6522193183597299
operating,13,29,-0.6611990952876762
court,13,29,-0.6611990952876762
publication,26,58,-0.6614111196961897
followed,21,47,-0.6646386198579073
does,16,36,-0.6698599403309377
probably,16,36,-0.6698599403309377
added,16,36,-0.6698599403309377
modern,40,90,-0.6700681420786275
henry,11,25,-0.6797485838337164
distance,11,25,-0.6797485838337164
names,11,25,-0.6797485838337164
self,14,32,-0.6855537833116333
produce,14,32,-0.6855537833116333
like,45,103,-0.6872181732695379
results,33,76,-0.6933311543916247
writings,13,30,-0.6950891566066392
include,22,51,-0.699801586075242
revolution,12,28,-0.7060987428589022
certain,15,35,-0.7061938789999808
remains,15,35,-0.7061938789999808
relationship,18,42,-0.7062573156722031
produced,30,70,-0.7063842192156078
einstein,14,33,-0.7163159751949632
source,22,52,-0.7192159019253878
joseph,16,38,-0.7239125456713111
far,16,38,-0.7239125456713111
weapons,13,31,-0.727868230266721
seen,13,31,-0.727868230266721
interests,13,31,-0.727868230266721
influenced,15,36,-0.7343568216941904
body,17,41,-0.7392913226749744
complete,17,41,-0.7392913226749744
final,17,41,-0.7392913226749744
swedish,14,34,-0.7461600283489657
proposed,28,68,-0.7463699535943074
story,13,32,-0.759606851136135
month,13,32,-0.759606851136135
stated,26,64,-0.759835031372129
wilhelm,26,64,-0.759835031372129
book,77,190,-0.7624182084820589
death,61,151,-0.7655850643027138
evidence,21,52,-0.7657142826068492
saw,20,50,-0.7752676265139473
effect,17,43,-0.7869080300666514
free,43,109,-0.7892837640233996
geometry,24,61,-0.7918441646093765
continuous,11,28,-0.793034428216206
hand,11,28,-0.793034428216206
heart,11,28,-0.793034428216206
stating,11,28,-0.793034428216206
concept,16,41,-0.7998792020741216
weeks,10,26,-0.8141732758122082
france,20,52,-0.8144806488681161
soon,18,47,-0.8187099755269515
user,13,34,-0.8202130961734675
personal,26,68,-0.8204504634057643
saying,14,37,-0.8306935757279261
better,15,40,-0.8396895669025501
collection,24,64,-0.8398457005995276
ideas,33,88,-0.839916688199396
reported,18,49,-0.8603739894123685
manuscript,11,30,-0.8620034983964645
century,30,82,-0.8645873212748213
friedrich,16,44,-0.8704801434931537
light,29,80,-0.8737878184074971
principles,13,36,-0.8773551748151472
existence,13,36,-0.8773551748151472
astronomy,19,53,-0.884792208178154
means,10,28,-0.8882537856236652
turned,15,42,-0.8884678292146971
air,38,107,-0.8943497947165295
religious,11,31,-0.8947825720565463
memory,11,31,-0.8947825720565463
largely,11,31,-0.8947825720565463
generally,12,34,-0.900191752605989
laws,18,51,-0.9003713224257476
acid,19,54,-0.903480847783239
introduced,26,74,-0.904995929427592
wife,29,84,-0.9225720309222203
knew,10,29,-0.9233327944849606
intellectual,10,29,-0.9233327944849606
great,32,93,-0.9259354499513811
natural,35,102,-0.9287139024066307
wide,14,41,-0.9333213687338293
latin,16,47,-0.9364236077061929
observed,18,53,-0.9388302054906271
algebraic,18,54,-0.9575188450957121
security,20,60,-0.9575558560845565
friend,22,66,-0.9575861398410863
law,31,93,-0.9576740708207953
view,20,61,-0.9740824262468962
sent,15,47,-1.0009204890694456
parts,10,32,-1.0217405503334196
especially,14,45,-1.0263901166347027
theory,125,403,-1.0298444311109105
game,17,55,-1.0329903701583734
idea,24,78,-1.0376434030458372
word,11,36,-1.0442695166049725
regarded,10,33,-1.0525027422167494
fall,11,37,-1.0716609853422532
pure,13,44,-1.0779753779773633
blue,10,34,-1.082346795370752
sense,10,34,-1.082346795370752
mind,10,34,-1.082346795370752
bacteria,12,41,-1.0873530929908528
cause,13,45,-1.1004431844592046
carl,8,28,-1.1111476178705266
equations,12,42,-1.1114448387681757
thinking,9,32,-1.1269900720403023
thought,23,82,-1.1301890766798226
volume,19,68,-1.1339663863659868
views,13,47,-1.1439188421904025
describes,8,29,-1.1462266267318222
la,14,51,-1.1515271212646967
basic,8,30,-1.1801166880507852
products,10,38,-1.1935414793528052
land,10,38,-1.1935414793528052
experiment,13,50,-1.2057814825851756
constant,8,31,-1.2128957617108669
ernst,8,31,-1.2128957617108669
munich,13,51,-1.2255801890891984
botany,8,32,-1.244634382580281
concluded,11,44,-1.2448897197671887
edition,12,48,-1.2449464761297337
astronomer,12,48,-1.2449464761297337
solution,13,52,-1.2449945049393443
famous,13,52,-1.2449945049393443
books,22,89,-1.2565286171112469
read,14,57,-1.262732120373352
observations,13,53,-1.2640390721540782
matter,13,53,-1.2640390721540782
quantum,26,107,-1.273717998257127
al,7,29,-1.279579686765591
commission,7,29,-1.279579686765591
proof,8,36,-1.362382706259293
software,38,171,-1.3631495410025822
physician,9,42,-1.3988494032398213
played,13,61,-1.4045962823181244
et,9,43,-1.4223743648541756
speed,6,30,-1.4673827005839368
topic,6,30,-1.4673827005839368
tuberculosis,11,58,-1.5210882484221615
oxygen,7,39,-1.5757571121508436
prussian,7,39,-1.5757571121508436
son,17,95,-1.579457532489665
species,19,107,-1.587233921217349
reading,6,34,-1.5925066401507653
man,16,91,-1.5970326532594181
web,10,57,-1.5989188873951383
catholic,7,40,-1.601068511501422
humans,6,35,-1.6214857760982353
point,13,80,-1.6757101240163959
earth,18,112,-1.6869377835145605
combustion,5,32,-1.7138892285637755
solutions,5,32,-1.7138892285637755
animals,10,64,-1.7147315175055602
italian,6,39,-1.7296700646502263
games,9,61,-1.7719795032222918
ber,6,42,-1.8037597263129517
displaystyle,11,80,-1.8426244658062212
hydrogen,6,44,-1.850268921954661
vaccine,6,44,-1.850268921954661
selection,6,45,-1.8727367284365024
stars,9,68,-1.880596471246078
claimed,5,39,-1.911658898100569
bacterium,4,32,-1.9365339023420711
bomb,4,32,-1.9365339023420711
evolution,5,41,-1.9616568139859716
le,4,34,-1.9971401473794035
god,6,53,-2.036332616131376
des,8,76,-2.1094509391764587
principle,4,39,-2.1343035718788648
mechanics,7,69,-2.146190510264789
sun,6,67,-2.2706939031167406
uppsala,3,34,-2.2839913099370968
arguments,3,34,-2.2839913099370968
painting,3,50,-2.6695596963488053
botanical,2,37,-2.7723302140058577
player,2,37,-2.7723302140058577
universe,3,56,-2.7828669571397335
motion,3,60,-2.8518479259194143
relativity,3,66,-2.9471429566186726
florence,2,45,-2.9680267549126342
match,2,75,-3.478763505589338
chess,1,112,-4.5679146118492575
steinitz,0,39,-8.128264999185435
tournament,0,44,-8.24886385648987
anthrax,0,44,-8.24886385648987
apple,0,170,-9.600304234516505
