bigram,women_count,men_count,log_odds_women_vs_men
cdu csu,20,0,7.377698367301682
conservative party,19,0,7.326431375206378
african american,19,0,7.326431375206378
eniac programmers,18,0,7.272393377893905
double helix,16,0,7.154679745714663
federal election,16,0,7.154679745714663
european union,14,0,7.021237579054955
west virginia,14,0,7.021237579054955
somerville college,13,0,6.947184511230454
moore school,13,0,6.947184511230454
bryn mawr,13,0,6.947184511230454
radium institute,13,0,6.947184511230454
member national,12,0,6.867205854797932
women hall,12,0,6.867205854797932
women computing,12,0,6.867205854797932
migrant crisis,12,0,6.867205854797932
james watson,12,0,6.867205854797932
birkbeck college,12,0,6.867205854797932
ray diffraction,12,0,6.867205854797932
space center,12,0,6.867205854797932
women science,11,0,6.780270169440628
charles babbage,11,0,6.780270169440628
mathematical sciences,11,0,6.780270169440628
grand coalition,11,0,6.780270169440628
second war,11,0,6.780270169440628
east germany,11,0,6.780270169440628
british prime,10,0,6.685050812033169
party leader,10,0,6.685050812033169
national women,10,0,6.685050812033169
aberdeen proving,10,0,6.685050812033169
eniac team,10,0,6.685050812033169
imperial college,10,0,6.685050812033169
institute electrical,10,0,6.685050812033169
information systems,10,0,6.685050812033169
inducted national,10,0,6.685050812033169
proving ground,9,0,6.579801290326286
civil service,9,0,6.579801290326286
women technology,9,0,6.579801290326286
women college,9,0,6.579801290326286
annual symposium,9,0,6.579801290326286
vassar college,9,0,6.579801290326286
female professor,9,0,6.579801290326286
department chemistry,9,0,6.579801290326286
maurice wilkins,9,0,6.579801290326286
hong kong,9,0,6.579801290326286
mount holyoke,9,0,6.579801290326286
otto hahn,9,0,6.579801290326286
newnham college,9,0,6.579801290326286
john mauchly,9,0,6.579801290326286
research station,9,0,6.579801290326286
quantum chemistry,9,0,6.579801290326286
betty holberton,9,0,6.579801290326286
social democratic,9,0,6.579801290326286
iron lady,9,0,6.579801290326286
approval rating,8,0,6.462156979786308
programmers eniac,8,0,6.462156979786308
leader opposition,8,0,6.462156979786308
kennedy space,8,0,6.462156979786308
moscow state,8,0,6.462156979786308
original programmers,8,0,6.462156979786308
chemical physics,8,0,6.462156979786308
working eniac,8,0,6.462156979786308
women scientists,8,0,6.462156979786308
francis crick,8,0,6.462156979786308
european migrant,8,0,6.462156979786308
gas phase,7,0,6.328803919752539
school girls,7,0,6.328803919752539
college london,25,1,2.9856214467543087
watson crick,23,1,2.9022746059120554
fellow american,22,1,2.857842597403151
general election,17,1,2.600147108272551
university paris,16,1,2.539559228873404
american chemical,30,2,2.4796919700992404
abstract algebra,14,1,2.406117062213696
university oxford,13,1,2.3320639943891943
san diego,13,1,2.3320639943891943
university pennsylvania,25,2,2.2974370555364922
american physical,12,1,2.252085337956673
post war,11,1,2.165149652599369
space flight,10,1,2.06993029519191
society chemistry,10,1,2.06993029519191
democratic party,10,1,2.06993029519191
king college,18,2,1.9690884698348292
mathematical society,18,2,1.9690884698348292
university professor,9,1,1.9646807734850273
structure dna,17,2,1.911962717054735
national science,8,1,1.8470364629450484
brown university,8,1,1.8470364629450484
cancer research,8,1,1.8470364629450484
higher education,15,2,1.786877956292335
state university,22,3,1.765852849495535
american association,22,3,1.765852849495535
hall fame,43,6,1.7443039309664776
received numerous,7,1,1.7136834029112793
american society,7,1,1.7136834029112793
north carolina,7,1,1.7136834029112793
computer systems,7,1,1.7136834029112793
german federal,7,1,1.7136834029112793
medal american,7,1,1.7136834029112793
left right,7,1,1.7136834029112793
university named,7,1,1.7136834029112793
google doodle,7,1,1.7136834029112793
prime minister,52,8,1.647041279422662
ray crystallography,13,2,1.6438796031713785
science foundation,6,1,1.5597704504118968
structural biology,6,1,1.5597704504118968
stored program,6,1,1.5597704504118968
general electric,11,2,1.4769652613815532
physical society,16,3,1.447569480965788
doctor science,15,3,1.383072599602535
american mathematical,10,2,1.3817459039740936
space shuttle,10,2,1.3817459039740936
molecular biology,10,2,1.3817459039740936
chemistry department,10,2,1.3817459039740936
advancement science,14,3,1.31412731430608
achievement award,18,4,1.2784319505873358
win nobel,9,2,1.276496382267211
computing machinery,9,2,1.276496382267211
science degree,9,2,1.276496382267211
society american,9,2,1.276496382267211
right wing,9,2,1.276496382267211
marie curie,9,2,1.276496382267211
chemical society,34,8,1.2222598706567849
master degree,17,4,1.2213061978072417
science technology,25,6,1.2021470290603606
association computing,8,2,1.1588520717272321
mathematics university,8,2,1.1588520717272321
presidential medal,8,2,1.1588520717272321
university california,23,6,1.1188001882181071
yale university,15,4,1.0962214370448418
association advancement,15,4,1.0962214370448418
research group,11,3,1.073159904691753
computer programmer,11,3,1.073159904691753
hermann weyl,14,4,1.0272761517483866
chemistry physics,7,2,1.025499011693463
summa cum,7,2,1.025499011693463
ronald reagan,7,2,1.025499011693463
johns hopkins,7,2,1.025499011693463
discovery structure,7,2,1.025499011693463
lifetime achievement,7,2,1.025499011693463
elementary school,7,2,1.025499011693463
physics chemistry,10,3,0.9779405472842937
climate change,10,3,0.9779405472842937
elected fellow,13,4,0.9532230839238849
electrical engineering,15,5,0.873576763266546
university cambridge,12,4,0.8732444274913631
california berkeley,12,4,0.8732444274913631
science engineering,9,3,0.8726910255774111
nobel committee,6,2,0.8715860591940806
conducted research,6,2,0.8715860591940806
youngest children,6,2,0.8715860591940806
war effort,6,2,0.8715860591940806
air water,6,2,0.8715860591940806
electrical engineer,6,2,0.8715860591940806
research scientist,6,2,0.8715860591940806
senior research,6,2,0.8715860591940806
secretary state,6,2,0.8715860591940806
served director,6,2,0.8715860591940806
graduate school,6,2,0.8715860591940806
group theory,6,2,0.8715860591940806
atomic structure,6,2,0.8715860591940806
experimental data,6,2,0.8715860591940806
received ph,6,2,0.8715860591940806
eckert mauchly,6,2,0.8715860591940806
university wisconsin,6,2,0.8715860591940806
prize physics,11,4,0.7863087421340595
college oxford,8,3,0.7550467150374321
cornell university,8,3,0.7550467150374321
foreign policy,8,3,0.7550467150374321
star trek,8,3,0.7550467150374321
medical school,10,4,0.6910893847266001
institute science,5,2,0.6895972257437378
mathematics professor,5,2,0.6895972257437378
post doctoral,5,2,0.6895972257437378
artificial intelligence,17,7,0.6627597380792206
institute technology,31,13,0.6448874733058925
massachusetts institute,14,6,0.6226426445197482
bachelor science,7,3,0.6216936550036632
barack obama,7,3,0.6216936550036632
journal ornithologie,7,3,0.6216936550036632
research institute,9,4,0.5858398630197176
american computer,9,4,0.5858398630197176
long term,9,4,0.5858398630197176
programming languages,9,4,0.5858398630197176
honorary doctor,9,4,0.5858398630197176
elected member,22,10,0.56420833492919
college cambridge,11,5,0.5636640683557641
human rights,13,6,0.5485895766952466
physical chemistry,19,9,0.5229261175980401
named honour,12,6,0.4686109202627248
awarded nobel,12,6,0.4686109202627248
scientific papers,12,6,0.4686109202627248
gold medal,10,5,0.4684447109483046
cambridge university,10,5,0.4684447109483046
awarded doctorate,8,4,0.4681955524797388
galois group,8,4,0.4681955524797388
received bachelor,8,4,0.4681955524797388
medal freedom,8,4,0.4681955524797388
non profit,8,4,0.4681955524797388
theoretical computer,6,3,0.4677807025042808
award american,6,3,0.4677807025042808
began studying,6,3,0.4677807025042808
department university,6,3,0.4677807025042808
cold war,6,3,0.4677807025042808
software engineer,6,3,0.4677807025042808
doctoral students,6,3,0.4677807025042808
american academy,19,10,0.4176765958911575
nobel prize,74,39,0.4166782284087589
columbia university,11,6,0.38167523490542127
nazi germany,11,6,0.38167523490542127
received honorary,11,6,0.38167523490542127
princeton university,9,5,0.3631951892414219
high school,50,28,0.35595742887674375
cum laude,7,4,0.33484249244596975
department defense,7,4,0.33484249244596975
nobel prizes,7,4,0.33484249244596975
academy science,7,4,0.33484249244596975
visiting professor,7,4,0.33484249244596975
york city,17,10,0.3065128457985901
galois theory,5,3,0.2857918690539379
significant contributions,5,3,0.2857918690539379
documentary film,5,3,0.2857918690539379
continued working,5,3,0.2857918690539379
national university,5,3,0.2857918690539379
research assistant,5,3,0.2857918690539379
prize awarded,5,3,0.2857918690539379
research fellowship,5,3,0.2857918690539379
texas austin,5,3,0.2857918690539379
elizabeth ii,5,3,0.2857918690539379
institute physics,5,3,0.2857918690539379
french government,5,3,0.2857918690539379
engineering department,5,3,0.2857918690539379
history museum,8,5,0.24555087870144324
university chicago,8,5,0.24555087870144324
research laboratory,8,5,0.24555087870144324
nobel laureate,11,7,0.22776228240603866
research council,11,7,0.22776228240603866
awarded honorary,17,11,0.21129348839113088
honorary member,15,10,0.18142808503619012
research center,9,6,0.18120635579107922
university vienna,6,4,0.1809295399465873
scientific research,6,4,0.1809295399465873
science mathematics,6,4,0.1809295399465873
degree university,6,4,0.1809295399465873
continued research,6,4,0.1809295399465873
department computer,6,4,0.1809295399465873
oxford university,6,4,0.1809295399465873
chemical reactions,6,4,0.1809295399465873
enrico fermi,6,4,0.1809295399465873
science department,6,4,0.1809295399465873
war ii,29,20,0.14770448225561944
harvard university,13,9,0.14367925362211617
bachelor degree,10,7,0.13254292499857914
mathematical physics,7,5,0.1121978186676741
stanford university,12,9,0.06370059718959427
associate professor,8,6,0.06356204525110044
research fellow,8,6,0.06356204525110044
father death,4,3,0.0631471952756424
doctor philosophy,4,3,0.0631471952756424
university awarded,4,3,0.0631471952756424
arts sciences,17,13,0.0443791466013055
vice president,13,10,0.038429731915233425
royal society,53,41,0.03296066831369569
programming language,9,7,0.027293403291696522
prize chemistry,23,18,0.021297777577358644
computer scientist,15,12,-0.0007269577285727642
german government,5,4,-0.0010592935037555171
grammar school,5,4,-0.0010592935037555171
attended lectures,5,4,-0.0010592935037555171
electronic structure,5,4,-0.0010592935037555171
family lived,5,4,-0.0010592935037555171
did want,5,4,-0.0010592935037555171
congress mathematicians,5,4,-0.0010592935037555171
national laboratory,5,4,-0.0010592935037555171
professor chemistry,11,9,-0.023235088167709143
university texas,6,5,-0.041715133831708405
society elected,6,5,-0.041715133831708405
academy arts,14,12,-0.0696722430250278
wilhelm institute,7,6,-0.06979101478266855
robert koch,8,7,-0.09035090724828224
assistant professor,8,7,-0.09035090724828224
computer science,61,54,-0.1018353967230897
soviet union,9,8,-0.10605965674207248
national academy,22,20,-0.12843922033932298
fellow royal,11,10,-0.1284846098745918
family moved,11,10,-0.1284846098745918
position university,4,4,-0.22370396728205116
order merit,4,4,-0.22370396728205116
led development,6,6,-0.22370396728205116
albert einstein,11,11,-0.22370396728205116
men women,4,4,-0.22370396728205116
palo alto,4,4,-0.22370396728205116
graduate student,4,4,-0.22370396728205116
honorary degrees,5,5,-0.22370396728205116
science university,7,7,-0.22370396728205116
important contributions,4,4,-0.22370396728205116
frankfurt main,4,4,-0.22370396728205116
united kingdom,9,9,-0.22370396728205116
friedrich wilhelm,4,4,-0.22370396728205116
studied chemistry,7,7,-0.22370396728205116
queen elizabeth,4,4,-0.22370396728205116
society awarded,5,5,-0.22370396728205116
plant physiology,4,4,-0.22370396728205116
astronomical society,8,8,-0.2237039672820513
united states,78,80,-0.24901857054386206
organic chemistry,10,11,-0.3189233246895106
los angeles,10,11,-0.3189233246895106
natural sciences,9,10,-0.32895348898893384
honorary doctorate,19,22,-0.37023570632008374
large scale,6,7,-0.37761691978143375
nazi party,6,7,-0.37761691978143375
applied mathematics,6,7,-0.37761691978143375
international congress,6,7,-0.37761691978143375
member american,12,14,-0.37773569153907477
los alamos,5,6,-0.40569280073239394
board trustees,5,6,-0.40569280073239394
young age,5,6,-0.40569280073239394
institute advanced,9,11,-0.4241728463963932
named honor,9,11,-0.4241728463963932
computer programming,9,11,-0.4241728463963932
bbc radio,4,5,-0.4463486410603468
close friends,4,5,-0.4463486410603468
board member,4,5,-0.4463486410603468
german polish,4,5,-0.4463486410603468
november german,4,5,-0.4463486410603468
phd thesis,4,5,-0.4463486410603468
contributions field,4,5,-0.4463486410603468
commutative algebra,4,5,-0.4463486410603468
newly created,4,5,-0.4463486410603468
open source,11,14,-0.4646713768963782
air force,7,9,-0.474701337855799
david hilbert,7,9,-0.474701337855799
intellectual property,3,4,-0.5105551298397447
advisory committee,3,4,-0.5105551298397447
secondary school,6,8,-0.5109699798152029
south africa,6,8,-0.5109699798152029
kaiser wilhelm,9,12,-0.5111085317536967
york times,9,12,-0.5111085317536967
university ttingen,12,16,-0.5111778581987826
mathematics physics,8,11,-0.541817156936372
san francisco,8,11,-0.541817156936372
advanced study,8,11,-0.541817156936372
received doctorate,5,7,-0.5596057532317764
professor mathematics,7,10,-0.5799508595626817
honorary degree,4,6,-0.6283374745106896
doctorate university,4,6,-0.6283374745106896
boarding school,4,6,-0.6283374745106896
adolf hitler,4,6,-0.6283374745106896
scientific community,5,8,-0.6929588132655456
technische universit,3,5,-0.7331998036180404
attended university,3,5,-0.7331998036180404
turing award,3,5,-0.7331998036180404
contributed development,3,5,-0.7331998036180404
operating systems,3,5,-0.7331998036180404
natural science,3,5,-0.7331998036180404
helped develop,3,5,-0.7331998036180404
university press,3,5,-0.7331998036180404
ferme rale,6,10,-0.7338638120620642
physics university,7,12,-0.7621059023274446
appointed professor,7,12,-0.7621059023274446
foreign member,7,12,-0.7621059023274446
academy sciences,43,75,-0.7798927584679513
differential equations,4,7,-0.7822504270100722
took place,4,7,-0.7822504270100722
took position,4,7,-0.7822504270100722
humboldt university,4,7,-0.7822504270100722
won nobel,4,7,-0.7822504270100722
max planck,8,14,-0.7827845665506991
professor physics,5,9,-0.8106031238055244
studied mathematics,7,13,-0.8420845587599664
mathematics department,3,6,-0.915188637068383
march german,3,6,-0.915188637068383
january german,3,6,-0.915188637068383
university jerusalem,3,6,-0.915188637068383
russian empire,3,6,-0.915188637068383
niels bohr,4,8,-0.9156034870438412
eugene wigner,4,8,-0.9156034870438412
manhattan project,4,8,-0.9156034870438412
moved university,4,8,-0.9156034870438412
chemistry university,7,14,-0.9161376265844681
board directors,6,13,-0.9959975112593489
member royal,7,16,-1.049579793244176
american philosophical,7,16,-1.049579793244176
sciences elected,3,7,-1.0691015895677658
wrote letter,3,7,-1.0691015895677658
hebrew university,3,7,-1.0691015895677658
eth zurich,3,7,-1.0691015895677658
medal royal,3,7,-1.0691015895677658
edward teller,3,7,-1.0691015895677658
german mathematician,2,5,-1.1370051603078404
obtained doctorate,2,5,-1.1370051603078404
royal swedish,4,10,-1.1384973192907026
elected foreign,4,10,-1.1384973192907026
professor university,6,15,-1.1389958643803058
society london,6,15,-1.1389958643803058
military service,5,13,-1.1779863447096917
swedish academy,4,11,-1.2337166766981618
theoretical physics,8,23,-1.278942110249058
states national,2,6,-1.3189939937581832
wide range,2,6,-1.3189939937581832
open letter,2,6,-1.3189939937581832
general public,3,9,-1.3200989601415134
fran ois,4,12,-1.3206523620554655
philosophical society,8,24,-1.3214836164349453
experimental physics,4,13,-1.4006310184879873
doctoral thesis,2,7,-1.4729069462575657
developed theory,2,7,-1.4729069462575657
isaac newton,2,7,-1.4729069462575657
point view,2,7,-1.4729069462575657
physics mathematics,3,11,-1.5205678392558555
infectious diseases,3,11,-1.5205678392558555
advisory board,3,11,-1.5205678392558555
acad mie,3,11,-1.5205678392558555
projective geometry,2,8,-1.6062600062913348
joseph priestley,2,8,-1.6062600062913348
normale sup,2,8,-1.6062600062913348
linnean society,2,8,-1.6062600062913348
number theory,3,12,-1.607503524613159
university berlin,6,25,-1.6495549636244629
sup rieure,2,9,-1.7239043168313135
cole normale,2,9,-1.7239043168313135
uppsala university,2,9,-1.7239043168313135
french academy,3,14,-1.7615352488701825
user interface,2,10,-1.8291538385381962
nuclear weapons,2,11,-1.9243731959456556
general relativity,3,20,-2.117996037116909
natural history,4,27,-2.1311198937680977
roch theorem,1,7,-2.1610913374753817
large number,1,7,-2.1610913374753817
royal prussian,1,7,-2.1610913374753817
pure mathematics,1,7,-2.1610913374753817
riemann roch,1,7,-2.1610913374753817
sur la,1,7,-2.1610913374753817
german speaking,1,7,-2.1610913374753817
mie des,1,7,-2.1610913374753817
applied physics,1,7,-2.1610913374753817
study mathematics,1,7,-2.1610913374753817
walter isaacson,1,8,-2.294444397509151
lmu munich,1,8,-2.294444397509151
english translation,1,8,-2.294444397509151
jean baptiste,1,9,-2.4120887080491293
university technology,1,10,-2.517338229756012
general theory,1,10,-2.517338229756012
phlogiston theory,1,10,-2.517338229756012
prussian academy,1,10,-2.517338229756012
quantum physics,1,10,-2.517338229756012
botanical garden,1,11,-2.6125575871634714
des sciences,1,11,-2.6125575871634714
displaystyle displaystyle,1,12,-2.699493272520775
gesellschaft wissenschaften,1,13,-2.779471928953297
quantum mechanics,3,40,-2.8108933113904104
science fiction,1,14,-2.8535249967777987
quantum theory,1,15,-2.922470282074254
technische hochschule,1,15,-2.922470282074254
st petersburg,1,16,-2.9869671634375066
wide web,1,17,-3.0475550428366533
algebraic geometry,1,22,-3.3052505319672534
committed suicide,0,7,-6.776211854316641
german pronunciation,0,7,-6.776211854316641
member scientific,0,8,-6.90956491435041
topological vector,0,8,-6.90956491435041
software foundation,0,8,-6.90956491435041
fixed stars,0,8,-6.90956491435041
south america,0,8,-6.90956491435041
polytechnic school,0,8,-6.90956491435041
linear programming,0,8,-6.90956491435041
motion earth,0,8,-6.90956491435041
libertarian party,0,8,-6.90956491435041
chess tournament,0,8,-6.90956491435041
international tournament,0,8,-6.90956491435041
august german,0,8,-6.90956491435041
anti virus,0,9,-7.027209224890389
tycho brahe,0,9,-7.027209224890389
zu ttingen,0,9,-7.027209224890389
university nigsberg,0,9,-7.027209224890389
proprietary software,0,9,-7.027209224890389
wroc aw,0,9,-7.027209224890389
coll ge,0,9,-7.027209224890389
nachrichten gesellschaft,0,9,-7.027209224890389
wissenschaften zu,0,9,-7.027209224890389
special relativity,0,10,-7.132458746597272
vector spaces,0,10,-7.132458746597272
personal computer,0,10,-7.132458746597272
maximilians universit,0,11,-7.227678104004731
universit nchen,0,11,-7.227678104004731
ludwig maximilians,0,11,-7.227678104004731
concerning chief,0,11,-7.227678104004731
copernican theory,0,11,-7.227678104004731
apple computer,0,11,-7.227678104004731
set theory,0,11,-7.227678104004731
chief systems,0,11,-7.227678104004731
dialogue concerning,0,11,-7.227678104004731
spontaneous generation,0,11,-7.227678104004731
university heidelberg,0,11,-7.227678104004731
special theory,0,11,-7.227678104004731
atomic bomb,0,13,-7.394592445794556
field equations,0,14,-7.468645513619058
theory relativity,0,21,-7.873872668127052
natural selection,0,23,-7.964803057317417
free software,0,45,-8.635758840574983
